movie_title,avg_rat,movie_num
Babe (1995),4.962962962962963,27
Jaws (1975),4.953125,32
Speed (1994),4.934782608695652,23
"Bridge on the River Kwai, The (1957)",4.928571428571429,21
Brazil (1985),4.925,20
Apocalypse Now (1979),4.9222222222222225,45
2001: A Space Odyssey (1968),4.921875,32
"Fugitive, The (1993)",4.92,50
Airplane! (1980),4.92,25
Star Wars: Episode IV - A New Hope (1977),4.919047619047619,105
